source_row,row_text,A,B,C,D,E,F,G,H,I,J,K,L,M,N
1,Character External ID | Character Internal ID | Stage ID | Internal Stage ID | CPU AI Type | ITEMS | Element ID | Status List | SFX ID | Name Tags | Music | Menus,Character External ID,Character Internal ID,Stage ID,Internal Stage ID,CPU AI Type,ITEMS,Element ID,Status List,SFX ID,Name Tags,Music,,,Menus
2,Original Music Track | Filename (.hps) | Music ID,,,,,,,,,,,Original Music Track,Filename (.hps),Music ID,
3,0x00   // Captain Falcon | 0x00   // Mario | DEBUG | 0x02 Princess Peach's Castle | 00 = // stay | 0x00 // Capsule | 0x00 = Normal | 00000001 (1)     // Stamina | 0000 - 00A9: In-game sound effects | DEFAULT | All-Star Rest Area | 1p_qk | 00 | 00 - Title Screen (Press Start),0x00   // Captain Falcon,0x00   // Mario,DEBUG,0x02 Princess Peach's Castle,00 = // stay,0x00 // Capsule,0x00 = Normal,00000001 (1)     // Stamina,0000 - 00A9: In-game sound effects,DEFAULT,All-Star Rest Area,1p_qk,00,00 - Title Screen (Press Start)
4,0x01   // Donkey Kong | 0x01   // Fox | 000 [000]   // Dummy | 0x03 Rainbow Cruise | 02 = // escape | 0x01 // Box | 0x01 = Fire | 00000010 (2)     // No Character Voice | 00AA: Trophy get | RC | Fire Emblem | akaneia | 01 | 01 - Reloads menu from language change? (brings to language change selection and saves),0x01   // Donkey Kong,0x01   // Fox,000 [000]   // Dummy,0x03 Rainbow Cruise,02 = // escape,0x01 // Box,0x01 = Fire,00000010 (2)     // No Character Voice,00AA: Trophy get,RC,Fire Emblem,akaneia,01,01 - Reloads menu from language change? (brings to language change selection and saves)
5,0x02   // Fox | 0x02   // Captain Falcon | 001 [001]   // TEST | 0x04 Kongo Jungle | 0x02 // Barrel (Taru) | 0x02 = Electric | 00000100 (4)     // Low Gravity | 00AB: Award jingle | VIVI | Balloon Fight | baloon | 02 | 02 - VS mode character select,0x02   // Fox,0x02   // Captain Falcon,001 [001]   // TEST,0x04 Kongo Jungle,,0x02 // Barrel (Taru),0x02 = Electric,00000100 (4)     // Low Gravity,00AB: Award jingle,VIVI,Balloon Fight,baloon,02,02 - VS mode character select
6,0x03   // Mr. Game & Watch | 0x03   // Donkey Kong | 0x05 Jungle Japes | 03 = // jump | 0x03 // Egg | 0x03 = Slash | 00001000 (8)     // Invisible | 00AC: Menu back | 64DD | Big Blue | bigblue | 03 | 03 - Classic Mode,0x03   // Mr. Game & Watch,0x03   // Donkey Kong,,0x05 Jungle Japes,03 = // jump,0x03 // Egg,0x03 = Slash,00001000 (8)     // Invisible,00AC: Menu back,64DD,Big Blue,bigblue,03,03 - Classic Mode
7,0x04   // Kirby | 0x04   // Kirby | STANDARD | 0x06 Great Bay | 04 = // normal | 0x04 // Party Ball (Kusudama) | 0x04 = Coin | 00010000 (16)    // Metal Icon | 00AD: Menu forward | 6502 | Princess Peach's Castle | castle | 04 | 04 - Adventure Mode,0x04   // Kirby,0x04   // Kirby,STANDARD,0x06 Great Bay,04 = // normal,0x04 // Party Ball (Kusudama),0x04 = Coin,00010000 (16)    // Metal Icon,00AD: Menu forward,6502,Princess Peach's Castle,castle,04,04 - Adventure Mode
8,0x05   // Bowser | 0x05   // Bowser | 002 [002]   // Fountain of Dreams (Izumi) | 0x07 Hyrule Temple | 05 = // manual | 0x05 // Barrel Cannon (TaruCann) | 00100000 (32)    // Metal Character | 00AE: Menu up/down | AMPM | Continue | continue | 05 | 05 - All-Star Mode,0x05   // Bowser,0x05   // Bowser,002 [002]   // Fountain of Dreams (Izumi),0x07 Hyrule Temple,05 = // manual,0x05 // Barrel Cannon (TaruCann),,00100000 (32)    // Metal Character,00AE: Menu up/down,AMPM,Continue,continue,05,05 - All-Star Mode
9,0x06   // Link | 0x06   // Link | 003 [003]   // Pokémon Stadium (Pstadium) | 0x08 Brinstar | 06 = // nana | 0x06 // Bob-omb (BombHei) | 0x06 = Sleep (103 frames) | 01000000 (64)    // Unknown/Unused | 00AF: Menu access denied | BABA | Corneria | corneria | 06 | 06 - Debug Menu,0x06   // Link,0x06   // Link,003 [003]   // Pokémon Stadium (Pstadium),0x08 Brinstar,06 = // nana,0x06 // Bob-omb (BombHei),0x06 = Sleep (103 frames),01000000 (64)    // Unknown/Unused,00AF: Menu access denied,BABA,Corneria,corneria,06,06 - Debug Menu
10,0x07   // Luigi | 0x07   // Sheik | 004 [004]   // Princess Peach's Castle (Castle) | 0x09 Brinstar Depths | 07 = // defensive | 0x07 // Mr. Saturn (Dosei) | 0x07 = Sleep (412 frames) | 10000000 (128)   // Vibration Setting on | 00B0: Magnifier damage sound | BOMB | Dr. Mario | docmari | 07 | 07 - Master Sound Test,0x07   // Luigi,0x07   // Sheik,004 [004]   // Princess Peach's Castle (Castle),0x09 Brinstar Depths,07 = // defensive,0x07 // Mr. Saturn (Dosei),0x07 = Sleep (412 frames),10000000 (128)   // Vibration Setting on,00B0: Magnifier damage sound,BOMB,Dr. Mario,docmari,07,07 - Master Sound Test
11,"0x08   // Mario | 0x08   // Ness | 005 [005]   // Kongo Jungle (Kongo) | 0x0A Yoshi's Story | 08 = // struggle | 0x08 // Heart Container | 0x08 = Grounded | 00B1: Pause sound | Ending Fanfare | ending | 08 | 08 - Looks like regular VS mode, but actually cycles through many different character select screens",0x08   // Mario,0x08   // Ness,005 [005]   // Kongo Jungle (Kongo),0x0A Yoshi's Story,08 = // struggle,0x08 // Heart Container,0x08 = Grounded,,00B1: Pause sound,,Ending Fanfare,ending,08,"08 - Looks like regular VS mode, but actually cycles through many different character select screens"
12,0x09   // Marth | 0x09   // Peach | 006 [006]   // Brinstar (Zebes) | 0x0B Yoshi's Island | 09 = // freak | 0x09 // Maxim Tomato | 0x09 = Grounded | 00B2: Star Fox intercom sound | EAD | Demo Fanfare (Unused) | famidemo | 09 | 09 - Black Screen...?,0x09   // Marth,0x09   // Peach,006 [006]   // Brinstar (Zebes),0x0B Yoshi's Island,09 = // freak,0x09 // Maxim Tomato,0x09 = Grounded,,00B2: Star Fox intercom sound,EAD,Demo Fanfare (Unused),famidemo,09,09 - Black Screen...?
13,0x0A   // Mewtwo | 0x0A   // Popo | 007 [007]   // Corneria | 0x0C Fountain of Dreams | 0A = // cooperate | 0x0A // Starman (Super Star) | 0x0A = Cape | 00B3: Results screen left/right | HVC | 1P Mode Fanfare 1 | ff_1p01 | 0a | 0A - Camera Mode,0x0A   // Mewtwo,0x0A   // Popo,007 [007]   // Corneria,0x0C Fountain of Dreams,0A = // cooperate,0x0A // Starman (Super Star),0x0A = Cape,,00B3: Results screen left/right,HVC,1P Mode Fanfare 1,ff_1p01,0a,0A - Camera Mode
14,0x0B   // Ness | 0x0B   // Nana | 008 [008]   // Yoshi's Story (Story) | 0x0D Green Greens | 0B = // splwlink (Bomb-Fest Event Link) | 0x0B // Home-Run Bat | 0x0B = Empty | 00B4: Results screen coin get | MIC | 1P Mode Fanfare 2 | ff_1p02 | 0b | 0B - Trophy Gallery,0x0B   // Ness,0x0B   // Nana,008 [008]   // Yoshi's Story (Story),0x0D Green Greens,0B = // splwlink (Bomb-Fest Event Link),0x0B // Home-Run Bat,0x0B = Empty,,00B4: Results screen coin get,MIC,1P Mode Fanfare 2,ff_1p02,0b,0B - Trophy Gallery
15,0x0C   // Peach | 0x0C   // Pikachu | 009 [009]   // Onett | 0x0E Corneria | 0C = // splwsamus (Bomb-Fest Event Samus) | 0x0C // Beam Sword | 0x0C = Disable | 00B5 - 00C1: Misc menu sounds | N64 | Unused Bad Fanfare | ff_bad | 0c | 0C - Trophy Lottery,0x0C   // Peach,0x0C   // Pikachu,009 [009]   // Onett,0x0E Corneria,0C = // splwsamus (Bomb-Fest Event Samus),0x0C // Beam Sword,0x0C = Disable,,00B5 - 00C1: Misc menu sounds,N64,Unused Bad Fanfare,ff_bad,0c,0C - Trophy Lottery
16,0x0D   // Pikachu | 0x0D   // Samus | 010 [00A]   // Mute City | 0x0F Venom | 0D = // onlyitem | 0x0D // Parasol | 0x0D = Darkness | 00DB - 013C: Item sounds | NEO | Donkey Kong Victory Theme | ff_dk | 0d | 0D - Trophy Collection,0x0D   // Pikachu,0x0D   // Samus,010 [00A]   // Mute City,0x0F Venom,0D = // onlyitem,0x0D // Parasol,0x0D = Darkness,,00DB - 013C: Item sounds,NEO,Donkey Kong Victory Theme,ff_dk,0d,0D - Trophy Collection
17,0x0E   // Ice Climbers | 0x0E   // Yoshi | 011 [00B]   // Rainbow Cruise (RCruise) | 0x10 Pokemon Stadium | 0E = // evzelda (Hide 'n' Sheik Event Zelda) | 0x0E // Green Shell (G Shell) | 0x0E = Screw Attack | 013D - 014B: Crowd sounds | NUS | Fire Emblem Victory Theme | ff_emb | 0e | 0E - Starts a match (with the debug menu configurations?),0x0E   // Ice Climbers,0x0E   // Yoshi,011 [00B]   // Rainbow Cruise (RCruise),0x10 Pokemon Stadium,0E = // evzelda (Hide 'n' Sheik Event Zelda),0x0E // Green Shell (G Shell),0x0E = Screw Attack,,013D - 014B: Crowd sounds,NUS,Fire Emblem Victory Theme,ff_emb,0e,0E - Starts a match (with the debug menu configurations?)
18,0x0F   // Jigglypuff | 0x0F   // Jigglypuff | 012 [00C]   // Jungle Japes (Garden) | 0x11 Poke Floats | 0F = // noact | 0x0F // Red Shell (R Shell) | 0x0F = Lips Stick | 014C - 020A: Walking sound effects (lots of repeats) | QD | Game & Watch Victory Theme | ff_flat | 0f | 0F - Target Test,0x0F   // Jigglypuff,0x0F   // Jigglypuff,012 [00C]   // Jungle Japes (Garden),0x11 Poke Floats,0F = // noact,0x0F // Red Shell (R Shell),0x0F = Lips Stick,,014C - 020A: Walking sound effects (lots of repeats),QD,Game & Watch Victory Theme,ff_flat,0f,0F - Target Test
19,0x10   // Samus | 0x10   // Mewtwo | 013 [00D]   // Great Bay | 0x12 Mute City | 10 = // air | 0x10 // Ray Gun (L Gun) | 0x10+ = Nothing (no graphic) | SW | Star Fox Victory Theme | ff_fox | 10 | 10 - Super Sudden Death,0x10   // Samus,0x10   // Mewtwo,013 [00D]   // Great Bay,0x12 Mute City,10 = // air,0x10 // Ray Gun (L Gun),0x10+ = Nothing (no graphic),,,SW,Star Fox Victory Theme,ff_fox,10,10 - Super Sudden Death
20,0x11   // Yoshi | 0x11   // Luigi | 014 [00E]   // Hyrule Temple (Shrine) | 0x13 Big Blue | 11 = // item | 0x11 // Freezie (Freeze) | 4E20: Narrator game title shouts | TIE | F-Zero Victory Theme | ff_fzero | 11 | 11 - Invisible Melee,0x11   // Yoshi,0x11   // Luigi,014 [00E]   // Hyrule Temple (Shrine),0x13 Big Blue,11 = // item,0x11 // Freezie (Freeze),,,4E20: Narrator game title shouts,TIE,F-Zero Victory Theme,ff_fzero,11,11 - Invisible Melee
21,0x12   // Zelda | 0x12   // Marth | 015 [00F]   // Brinstar Depths (Kraid) | 0x14 Onett | 12 = // Guard edge | 0x12 // Food | 7530: Narrator game modes | VBOY | Unused Good Fanfare | ff_good | 12 | 12 - Slo-Mo Melee,0x12   // Zelda,0x12   // Marth,015 [00F]   // Brinstar Depths (Kraid),0x14 Onett,12 = // Guard edge,0x12 // Food,,,7530: Narrator game modes,VBOY,Unused Good Fanfare,ff_good,12,12 - Slo-Mo Melee
22,0x13   // Sheik | 0x13   // Zelda | 016 [010]   // Yoshi's Island (Yoster) | 0x15 Fourside | bom | 0x13 // Proximity Mine (MSBomb) | 9C40: Narrator single-player phrases | Ice Climber Victory Theme | ff_ice | 13 | 13 - Lightning Melee,0x13   // Sheik,0x13   // Zelda,016 [010]   // Yoshi's Island (Yoster),0x15 Fourside,bom,0x13 // Proximity Mine (MSBomb),,,9C40: Narrator single-player phrases,,Ice Climber Victory Theme,ff_ice,13,13 - Lightning Melee
23,"0x14   // Falco | 0x14   // Young Link | 017 [011]   // Green Greens (Greens) | 0x16 Icicle Mountain | 14 = // Cooperative | 0x14 // Flipper | C350: Narrator versus phrases | RESTRICTED | Kirby Victory Theme | ff_kirby | 14 | 14 - ""A new foe has appeared!"" (Ganon with sword, freezes if you try to progress, ID from debug?)",0x14   // Falco,0x14   // Young Link,017 [011]   // Green Greens (Greens),0x16 Icicle Mountain,14 = // Cooperative,0x14 // Flipper,,,C350: Narrator versus phrases,RESTRICTED,Kirby Victory Theme,ff_kirby,14,"14 - ""A new foe has appeared!"" (Ganon with sword, freezes if you try to progress, ID from debug?)"
24,"0x15   // Young Link | 0x15   // Dr. Mario | 018 [012]   // Fourside | 0x18 Mushroom Kingdom | 15 = // Coop 2 | 0x15 // Super Scope (S Scope) | 7C830: Narrator character calls + Additional phrases | CPU1 | Legend of Zelda Victory Theme | ff_link | 15 | 15 - Classic Mode trophy acquisition & credits (C.Falcon, ID from debug?)",0x15   // Young Link,0x15   // Dr. Mario,018 [012]   // Fourside,0x18 Mushroom Kingdom,15 = // Coop 2,0x15 // Super Scope (S Scope),,,7C830: Narrator character calls + Additional phrases,CPU1,Legend of Zelda Victory Theme,ff_link,15,"15 - Classic Mode trophy acquisition & credits (C.Falcon, ID from debug?)"
25,"0x16   // Dr. Mario | 0x16   // Falco | 019 [013]   // Mushroom Kingdom I (Inishie1) | 0x19 Mushroom Kingdom II | 16 = // Normal? | 0x16 // Star Rod | CPU2 | Super Mario Victory Theme | ff_mario | 16 | 16 - Adventure Mode trophy acquisition & credits (C.Falcon, ID from debug?)",0x16   // Dr. Mario,0x16   // Falco,019 [013]   // Mushroom Kingdom I (Inishie1),0x19 Mushroom Kingdom II,16 = // Normal?,0x16 // Star Rod,,,,CPU2,Super Mario Victory Theme,ff_mario,16,"16 - Adventure Mode trophy acquisition & credits (C.Falcon, ID from debug?)"
26,"0x17   // Roy | 0x17   // Pichu | 020 [014]   // Mushroom Kingdom II (Inishie2) | 0x1B Flat Zone | 17 = // Multi-Man Melee AI | 0x17 // Lip's Stick | CPU3 | Earthbound Victory Theme | ff_ness | 17 | 17 - All-Star Mode trophy acquisition & credits (C.Falcon, ID from debug?)",0x17   // Roy,0x17   // Pichu,020 [014]   // Mushroom Kingdom II (Inishie2),0x1B Flat Zone,17 = // Multi-Man Melee AI,0x17 // Lip's Stick,,,,CPU3,Earthbound Victory Theme,ff_ness,17,"17 - All-Star Mode trophy acquisition & credits (C.Falcon, ID from debug?)"
27,0x18   // Pichu | 0x18   // Mr. Game & Watch | // 021 [015]   // Akaneia (Deleted Stage) | 0x1C Dream Land | 18 = // Escape + Attack | 0x18 // Fan (Harisen) | CPU4 | Pokemon Victory Theme | ff_poke | 18 | 18 - Intro video,0x18   // Pichu,0x18   // Mr. Game & Watch,// 021 [015]   // Akaneia (Deleted Stage),0x1C Dream Land,18 = // Escape + Attack,0x18 // Fan (Harisen),,,,CPU4,Pokemon Victory Theme,ff_poke,18,18 - Intro video
28,0x19   // Ganondorf | 0x19   // Ganondorf | 022 [016]   // Venom | 0x1D Yoshi's Island (64) | 19 = // Walk + Attack | 0x19 // Fire Flower (F Flower) | CPU5 | Metroid Victory Theme | ff_samus | 19 | 19 - Cycles through Adventure Mode cinematics,0x19   // Ganondorf,0x19   // Ganondorf,022 [016]   // Venom,0x1D Yoshi's Island (64),19 = // Walk + Attack,0x19 // Fire Flower (F Flower),,,,CPU5,Metroid Victory Theme,ff_samus,19,19 - Cycles through Adventure Mode cinematics
29,"0x1A   // Master Hand | 0x1A   // Roy | 023 [017]   // Poké Floats (Pura) | 0x1E Kongo Jungle (64) | 1A = // Stay + Attack | 0x1A // Super Mushroom (Kinoko) | CPU6 | Unused Fanfare 1 | ff_step1 | 1a | 1A - Character trophy acquisition (no credits) (uses All-Star trophy) (C.Falcon, ID from debug?)",0x1A   // Master Hand,0x1A   // Roy,023 [017]   // Poké Floats (Pura),0x1E Kongo Jungle (64),1A = // Stay + Attack,0x1A // Super Mushroom (Kinoko),,,,CPU6,Unused Fanfare 1,ff_step1,1a,"1A - Character trophy acquisition (no credits) (uses All-Star trophy) (C.Falcon, ID from debug?)"
30,0x1B   // Wireframe Male | 0x1B // Master Hand | 024 [018]   // Big Blue | 0x1B // Mini Mushroom | Unused Fanfare 2 | ff_step2 | 1b | 1B - Tournament Menu,0x1B   // Wireframe Male,0x1B // Master Hand,024 [018]   // Big Blue,,,0x1B // Mini Mushroom,,,,,Unused Fanfare 2,ff_step2,1b,1B - Tournament Menu
31,0x1C   // Wireframe Female | 025 [019]   // Icicle Mountain | 0x1D // Warp Star (WStar) | CPU9 | Unused Fanfare 3 | ff_step3 | 1c | 1C - Training Mode,0x1C   // Wireframe Female,,025 [019]   // Icicle Mountain,,,0x1D // Warp Star (WStar),,,,CPU9,Unused Fanfare 3,ff_step3,1c,1C - Training Mode
32,0x1D   // Giga Bowser | 0x1D   // Wireframe Male (Boy) | 026 [01A]   // Icetop | 0x1E // Screw Attack (ScBall) | HMN | Yoshi Victory Theme | ff_yoshi | 1d | 1D - Tiny Melee,0x1D   // Giga Bowser,0x1D   // Wireframe Male (Boy),026 [01A]   // Icetop,,,0x1E // Screw Attack (ScBall),,,,HMN,Yoshi Victory Theme,ff_yoshi,1d,1D - Tiny Melee
33,0x1E   // Crazy Hand | 0x1E   // Wireframe Female (Girl) | 0x1F // Bunny Hood (RabbitC) | HMN | Flat Zone | flatzone | 1e | 1E - Giant Melee,0x1E   // Crazy Hand,0x1E   // Wireframe Female (Girl),,,,0x1F // Bunny Hood (RabbitC),,,,HMN,Flat Zone,flatzone,1e,1E - Giant Melee
34,0x1F   // Sandbag | 0x1F   // Giga Bowser | 027 [01B]   // Flat Zone | 0x20 // Metal Box (MetalB) | HMN0 | Fourside | fourside | 1f | 1F - Stamina Mode,0x1F   // Sandbag,0x1F   // Giga Bowser,027 [01B]   // Flat Zone,,,0x20 // Metal Box (MetalB),,,,HMN0,Fourside,fourside,1f,1F - Stamina Mode
35,0x20   // Popo | 0x20   // Sandbag | 028 [01C]   // Dream Land N64 (old ppp) | 0x21 // Cloaking Device (SpyCloak) | HMN1 | Game Over | gameover | 20 | 20 - Home-Run Contest,0x20   // Popo,0x20   // Sandbag,028 [01C]   // Dream Land N64 (old ppp),,,0x21 // Cloaking Device (SpyCloak),,,,HMN1,Game Over,gameover,20,20 - Home-Run Contest
36,0x21   // User Select(Event) / None | 029 [01D]   // Yoshi's Island N64 (old yosh) | 0x22 // Poké Ball (M Ball) | HMN2 | Kongo Jungle | garden | 21 | 21 - 10-Man Melee,0x21   // User Select(Event) / None,,029 [01D]   // Yoshi's Island N64 (old yosh),,,0x22 // Poké Ball (M Ball),,,,HMN2,Kongo Jungle,garden,21,21 - 10-Man Melee
37,030 [01E]   // Kongo Jungle N64 (old kong) | HMN3 | Great Bay | greatbay | 22 | 22 - 100-Man Melee,,,030 [01E]   // Kongo Jungle N64 (old kong),,,,,,,HMN3,Great Bay,greatbay,22,22 - 100-Man Melee
38,031 [01F]   // Battlefield (battle) | ITEM RELATED | HMN4 | Green Greens | greens | 23 | 23 - 3-Minute Melee,,,031 [01F]   // Battlefield (battle),,,ITEM RELATED,,,,HMN4,Green Greens,greens,23,23 - 3-Minute Melee
39,032 [020]   // Final Destination (last) | 0x23 // Ray Gun recoil effect | HMN5 | How to Play (video audio) | howto | 24 | 24 - 15-Minute Melee,,,032 [020]   // Final Destination (last),,,0x23 // Ray Gun recoil effect,,,,HMN5,How to Play (video audio),howto,24,24 - 15-Minute Melee
40,0x24 // Star Rod Star | HMN6 | How to Play | howto_s | 25 | 25 - Endless Melee,,,,,,0x24 // Star Rod Star,,,,HMN6,How to Play,howto_s,25,25 - Endless Melee
41,TARGET TEST | 0x25 // Lips Stick Dust | HMN7 | Multi-Man Melee 1 | hyaku | 26 | 26 - Cruel Melee,,,TARGET TEST,,,0x25 // Lips Stick Dust,,,,HMN7,Multi-Man Melee 1,hyaku,26,26 - Cruel Melee
42,"033 [021]   // Target Test   // Mario (TMario) | 0x26 // Super Scope Beam | HMN8 | Multi-Man Melee 2 | hyaku2 | 27 | 27 - ""Enable Progressive Scan Display?""",,,033 [021]   // Target Test   // Mario (TMario),,,0x26 // Super Scope Beam,,,,HMN8,Multi-Man Melee 2,hyaku2,27,"27 - ""Enable Progressive Scan Display?"""
43,034 [022]   // Target Test   // C. Falcon (TCaptain) | 0x27 // Ray Gun Beam | HMN9 | Icicle Mountain | icemt | 28 | 28 - Reboot,,,034 [022]   // Target Test   // C. Falcon (TCaptain),,,0x27 // Ray Gun Beam,,,,HMN9,Icicle Mountain,icemt,28,28 - Reboot
44,035 [023]   // Target Test   // Young Link (TClink) | 0x28 // Hammer Head | Mushroom Kingdom | inis1_01 | 29 | 29 - Memory Card Overwrite Confirmation,,,035 [023]   // Target Test   // Young Link (TClink),,,0x28 // Hammer Head,,,,,Mushroom Kingdom,inis1_01,29,29 - Memory Card Overwrite Confirmation
45,036 [024]   // Target Test   // Donkey Kong (TDonkey) | 0x29 // Flower | RANDOM | Mushroom Kingdom (Finale) | inis1_02 | 2a | 2A - Fixed-Camera Mode,,,036 [024]   // Target Test   // Donkey Kong (TDonkey),,,0x29 // Flower,,,,RANDOM,Mushroom Kingdom (Finale),inis1_02,2a,2A - Fixed-Camera Mode
46,037 [025]   // Target Test   // Dr. Mario (TDrmario) | 0x2A // Yoshi's egg (Event) | AAAA | Mushroom Kingdom II | inis2_01 | 2b | 2B - Loads Event Match 1 (Match ID from the debug menu?),,,037 [025]   // Target Test   // Dr. Mario (TDrmario),,,0x2A // Yoshi's egg (Event),,,,AAAA,Mushroom Kingdom II,inis2_01,2b,2B - Loads Event Match 1 (Match ID from the debug menu?)
47,038 [026]   // Target Test   // Falco (TFalco) | 1DER | Mushroom Kingdom II (Finale) | inis2_02 | 2c | 2C - Single-Button Mode,,,038 [026]   // Target Test   // Falco (TFalco),,,,,,,1DER,Mushroom Kingdom II (Finale),inis2_02,2c,2C - Single-Button Mode
48,039 [027]   // Target Test   // Fox (TFox) | MONSTERS | 2BIT | Classic Fanfare | intro_es | 2d,,,039 [027]   // Target Test   // Fox (TFox),,,MONSTERS,,,,2BIT,Classic Fanfare,intro_es,2d,
49,040 [028]   // Target Test   // Ice Climbers (TIceclim) | 0x2B // Goomba (DKuriboh) | 2L8 | Adventure Fanfare | intro_nm | 2e,,,040 [028]   // Target Test   // Ice Climbers (TIceclim),,,0x2B // Goomba (DKuriboh),,,,2L8,Adventure Fanfare,intro_nm,2e,
50,041 [029]   // Target Test   // Kirby (TKirby) | 0x2C // Redead (Leadead) | 2PAY | Hammer Theme | item_h | 2f,,,041 [029]   // Target Test   // Kirby (TKirby),,,0x2C // Redead (Leadead),,,,2PAY,Hammer Theme,item_h,2f,
51,042 [02A]   // Target Test   // Bowser (TKoopa) | 0x2D // Octarok (Octarock) | 401K | Star Theme | item_s | 30,,,042 [02A]   // Target Test   // Bowser (TKoopa),,,0x2D // Octarok (Octarock),,,,401K,Star Theme,item_s,30,
52,043 [02B]   // Target Test   // Link (TLink) | 0x2E // Ottosea | 4BDN | Fountain of Dreams | izumi | 31,,,043 [02B]   // Target Test   // Link (TLink),,,0x2E // Ottosea,,,,4BDN,Fountain of Dreams,izumi,31,
53,044 [02C]   // Target Test   // Luigi (TLuigi) | 0x2F // Stone(Octarok Projectile) | 4BY4 | Jungle Japes | kongo | 32,,,044 [02C]   // Target Test   // Luigi (TLuigi),,,0x2F // Stone(Octarok Projectile),,,,4BY4,Jungle Japes,kongo,32,
54,045 [02D]   // Target Test   // Marth (TMars) | 4EVA | Brinstar Depths | kraid | 33,,,045 [02D]   // Target Test   // Marth (TMars),,,,,,,4EVA,Brinstar Depths,kraid,33,
55,046 [02E]   // Target Test   // Mewtwo (TMewtwo) | CHARACTER RELATED | 7HVN | Main Menu (Default) | menu01 | 34,,,046 [02E]   // Target Test   // Mewtwo (TMewtwo),,,CHARACTER RELATED,,,,7HVN,Main Menu (Default),menu01,34,
56,047 [02F]   // Target Test   // Ness (TNess) | 48 | 0x30 // Mario's fire | AOK | Lottery | menu02 | 35,,,047 [02F]   // Target Test   // Ness (TNess),,48,0x30 // Mario's fire,,,,AOK,Lottery,menu02,35,
57,048 [030]   // Target Test   // Peach (TPeach) | 49 | ARCH | Main Menu (Alternate) | menu3 | 36,,,048 [030]   // Target Test   // Peach (TPeach),,49,,,,,ARCH,Main Menu (Alternate),menu3,36,
58,049 [031]   // Target Test   // Pichu (TPichu) | 50 | 0x32 // Kirby's Cutter beam | ARN | Mach Rider | mrider | 37,,,049 [031]   // Target Test   // Pichu (TPichu),,50,0x32 // Kirby's Cutter beam,,,,ARN,Mach Rider,mrider,37,
59,050 [032]   // Target Test   // Pikachu (TPikachu) | 51 | 0x33 // Kirby's Hammer | ASH | Mute City | mutecity | 38,,,050 [032]   // Target Test   // Pikachu (TPikachu),,51,0x33 // Kirby's Hammer,,,,ASH,Mute City,mutecity,38,
60,051 [033]   // Target Test   // Jigglypuff (TPurin) | 52 | 0x34 // | BAST | Kongo Jungle N64 | old_dk | 39,,,051 [033]   // Target Test   // Jigglypuff (TPurin),,52,0x34 //,,,,BAST,Kongo Jungle N64,old_dk,39,
61,052 [034]   // Target Test   // Samus (TSamus) | 53 | 0x35 // | BBBB | Dream Land 64 | old_kb | 3a,,,052 [034]   // Target Test   // Samus (TSamus),,53,0x35 //,,,,BBBB,Dream Land 64,old_kb,3a,
62,053 [035]   // Target Test   // Sheik (TSeak) | 54 | 0x36 // Fox's Laser | BCUZ | Yoshi's Island 64 | old_ys | 3b,,,053 [035]   // Target Test   // Sheik (TSeak),,54,0x36 // Fox's Laser,,,,BCUZ,Yoshi's Island 64,old_ys,3b,
63,054 [036]   // Target Test   // Yoshi (TYoshi | 55 | 0x37 // Falco's Laser | BETA | Onett | onetto | 3c,,,054 [036]   // Target Test   // Yoshi (TYoshi,,55,0x37 // Falco's Laser,,,,BETA,Onett,onetto,3c,
64,055 [037]   // Target Test   // Zelda (TZelda) | 56 | 0x38 // Fox's shadow | BOBO | Mother 2 | onetto2 | 3d,,,055 [037]   // Target Test   // Zelda (TZelda),,56,0x38 // Fox's shadow,,,,BOBO,Mother 2,onetto2,3d,
65,056 [038]   // Target Test   // Mr. Game & Watch (TGamewat) | 57 | 0x39 // Falco's shadow | BONE | Opening (video audio) | opening | 3e,,,056 [038]   // Target Test   // Mr. Game & Watch (TGamewat),,57,0x39 // Falco's shadow,,,,BONE,Opening (video audio),opening,3e,
66,057 [039]   // Target Test   // Roy (TEmblem) | 58 | 0x3A // Link's bomb | BOO | Battle Theme (Pokemon) | pokesta | 3f,,,057 [039]   // Target Test   // Roy (TEmblem),,58,0x3A // Link's bomb,,,,BOO,Battle Theme (Pokemon),pokesta,3f,
67,058 [03A]   // Target Test   // Ganondorf (TGanon) | 59 | 0x3B // Young Link's bomb | BORT | Pokemon Stadium | pstadium | 40,,,058 [03A]   // Target Test   // Ganondorf (TGanon),,59,0x3B // Young Link's bomb,,,,BORT,Pokemon Stadium,pstadium,40,
68,60 | 0x3C // Link's boomerang | BOZO | Poke Floats | pura | 41,,,,,60,0x3C // Link's boomerang,,,,BOZO,Poke Floats,pura,41,
69,ADVENTURE MODE | 61 | 0x3D // Young Link's boomerang | BUB | Rainbow Cruise | rcruise | 42,,,ADVENTURE MODE,,61,0x3D // Young Link's boomerang,,,,BUB,Rainbow Cruise,rcruise,42,
70,059 [03B]   // 1  //1 Kinoko (Mushroom Kingdom Adventure) | 62 | 0x3E // Link's Hookshot | BUD | Info Fanfare 1 | s_info1 | 43,,,059 [03B]   // 1  //1 Kinoko (Mushroom Kingdom Adventure),,62,0x3E // Link's Hookshot,,,,BUD,Info Fanfare 1,s_info1,43,
71,060 [03C]   // 1  //2 Castle (vs Peach & Mario [or luigi]) | 63 | 0x3F // Young Link's Hookshot | BUZZ | Info Fanfare 2 | s_info2 | 44,,,060 [03C]   // 1  //2 Castle (vs Peach & Mario [or luigi]),,63,0x3F // Young Link's Hookshot,,,,BUZZ,Info Fanfare 2,s_info2,44,
72,061 [03D]   // 2  //1 Kongo (vs 2 mini Donkey Kongs) | 64 | 0x40 // Arrow | BYRN | Info Fanfare 3 | s_info3 | 45,,,061 [03D]   // 2  //1 Kongo (vs 2 mini Donkey Kongs),,64,0x40 // Arrow,,,,BYRN,Info Fanfare 3,s_info3,45,
73,062 [03E]   // 2  //2 Garden (vs Donkey Kong) | 65 | 0x41 // Fire Arrow | CHUM | Trophy Fanfare | s_new1 | 46,,,062 [03E]   // 2  //2 Garden (vs Donkey Kong),,65,0x41 // Fire Arrow,,,,CHUM,Trophy Fanfare,s_new1,46,
74,063 [03F]   // 3  //1 Meiktu (Zelda Adventure[Underground Maze]) | 66 | 0x42 // PK Fire | COOP | Unused Fanfare | s_new2 | 47,,,063 [03F]   // 3  //1 Meiktu (Zelda Adventure[Underground Maze]),,66,0x42 // PK Fire,,,,COOP,Unused Fanfare,s_new2,47,
75,064 [040]   // 3  //2 Shrine (vs Zelda) | 67 | 0x43 // PK Flash | CUBE | Challenger Approaching | s_newcom | 48,,,064 [040]   // 3  //2 Shrine (vs Zelda),,67,0x43 // PK Flash,,,,CUBE,Challenger Approaching,s_newcom,48,
76,065 [041]   // 4  //1 Zebes (vs Samus) | 68 | 0x44 // PK Flash | CUD | Unused Song (Hammer Theme) | s_select | 49,,,065 [041]   // 4  //1 Zebes (vs Samus),,68,0x44 // PK Flash,,,,CUD,Unused Song (Hammer Theme),s_select,49,
77,066 [042]   // 4  //2 Dassyut (Escape from Brinstar Adventure) | 69 | 0x45 // PK Thunder (Primary) | DAYZ | Saria's Theme | saria | 4a,,,066 [042]   // 4  //2 Dassyut (Escape from Brinstar Adventure),,69,0x45 // PK Thunder (Primary),,,,DAYZ,Saria's Theme,saria,4a,
78,067 [043]   // 5  //1 Greens (vs Kirby) | 70 | 0x46 // PK Thunder | DIRT | Temple | shrine | 4b,,,067 [043]   // 5  //1 Greens (vs Kirby),,70,0x46 // PK Thunder,,,,DIRT,Temple,shrine,4b,
79,068 [044]   // 5  //2 Greens (vs Kirby Team) | 71 | 0x47 // PK Thunder | DIVA | Brinstar Escape | siren | 4c,,,068 [044]   // 5  //2 Greens (vs Kirby Team),,71,0x47 // PK Thunder,,,,DIVA,Brinstar Escape,siren,4c,
80,069 [045]   // 5  //3 Greens (classic Kirby music) (vs Giant Kirby) | 72 | 0x48 // PK Thunder | DNCR | Super Mario Bros. 3 | smari3 | 4d,,,069 [045]   // 5  //3 Greens (classic Kirby music) (vs Giant Kirby),,72,0x48 // PK Thunder,,,,DNCR,Super Mario Bros. 3,smari3,4d,
81,070 [046]   // 6  //1 Corneria (vs Fox [or Falco]) | 73 | 0x49 // PK Thunder | DUCK | Final Destination | sp_end | 4e,,,070 [046]   // 6  //1 Corneria (vs Fox [or Falco]),,73,0x49 // PK Thunder,,,,DUCK,Final Destination,sp_end,4e,
82,071 [047]   // 6  //2 Corneria (vs Fox [or Falco] with massive arwing attack) | 74 | 0x4A // Fox's Blaster | DUD | Giga Bowser | sp_giga | 4f,,,071 [047]   // 6  //2 Corneria (vs Fox [or Falco] with massive arwing attack),,74,0x4A // Fox's Blaster,,,,DUD,Giga Bowser,sp_giga,4f,
83,"072 [048]   // 7  //1 Pokémon Stadium (vs Pikachu Team, and 1 Jigglypuff if unlocked, lots of pokeball) | 75 | 0x4B // Falco's Blaster | DUFF | Metal Battle | sp_metal | 50",,,"072 [048]   // 7  //1 Pokémon Stadium (vs Pikachu Team, and 1 Jigglypuff if unlocked, lots of pokeball)",,75,0x4B // Falco's Blaster,,,,DUFF,Metal Battle,sp_metal,50,
84,073 [049]   // 8  //1 B Route (F  //Zero Adventure[F  //Zero Grand Prix]) | 76 | 0x4C // Link's Arrow | DV8 | Battlefield (Fighting Wire Frames) | sp_zako | 51,,,073 [049]   // 8  //1 B Route (F  //Zero Adventure[F  //Zero Grand Prix]),,76,0x4C // Link's Arrow,,,,DV8,Battlefield (Fighting Wire Frames),sp_zako,51,
85,074 [04A]   // 8  //2 Mute City (vs Captain Falcon) | 77 | 0x4D // Young Link's arrow | ED | Special Movie (video audio) | swm_15min | 52,,,074 [04A]   // 8  //2 Mute City (vs Captain Falcon),,77,0x4D // Young Link's arrow,,,,ED,Special Movie (video audio),swm_15min,52,
86,"075 [04B]   // 9  //1 Onett (vs Ness x3, lots of Mr Saturn) | 78 | 0x4E // PK Flash (explosion) | ELBO | Targets! | target | 53",,,"075 [04B]   // 9  //1 Onett (vs Ness x3, lots of Mr Saturn)",,78,0x4E // PK Flash (explosion),,,,ELBO,Targets!,target,53,
87,076 [04C]   // 10  //1 Icemt (Icicle Mountain Adventure) | 79 | 0x4F // Needle(thrown) | FAMI | Venom | venom | 54,,,076 [04C]   // 10  //1 Icemt (Icicle Mountain Adventure),,79,0x4F // Needle(thrown),,,,FAMI,Venom,venom,54,
88,077 [04D]   // 10  //2 Icetop (vs Ice Climbers x2) | 80 | 0x50 // Needle | FIDO | Metal Mario Cutscene | vl_battle | 55,,,077 [04D]   // 10  //2 Icetop (vs Ice Climbers x2),,80,0x50 // Needle,,,,FIDO,Metal Mario Cutscene,vl_battle,55,
89,"078 [04E]   // 11  //1 Battle (vs Fighting Wireframe team, low gravity) | 81 | 0x51 // Pikachu's Thunder | FILO | Luigi Adventure Cutscene | vl_castle | 56",,,"078 [04E]   // 11  //1 Battle (vs Fighting Wireframe team, low gravity)",,81,0x51 // Pikachu's Thunder,,,,FILO,Luigi Adventure Cutscene,vl_castle,56,
90,079 [04F]   // 11  //2 Battle (vs Metal Mario [& Metal Luigi if unlocked]) | 82 | 0x52 // Pichu's Thunder | FIRE | Corneria Adventure Cutscene | vl_corneria | 57,,,079 [04F]   // 11  //2 Battle (vs Metal Mario [& Metal Luigi if unlocked]),,82,0x52 // Pichu's Thunder,,,,FIRE,Corneria Adventure Cutscene,vl_corneria,57,
91,080 [050]   // 12  //1 Last (vs Bowser) | 83 | 0x53 // Mario's cape | FLAV | Space Adventure Cutscene | vl_cosmos | 58,,,080 [050]   // 12  //1 Last (vs Bowser),,83,0x53 // Mario's cape,,,,FLAV,Space Adventure Cutscene,vl_cosmos,58,
92,081 [051]   // 12  //2 Last (vs Giga Bowser) | 84 | 0x54 // Dr.Mario's cape | FLEA | Bowser Destroyed Cutscene | vl_figure1 | 59,,,081 [051]   // 12  //2 Last (vs Giga Bowser),,84,0x54 // Dr.Mario's cape,,,,FLEA,Bowser Destroyed Cutscene,vl_figure1,59,
93,85 | 0x55 // Smoke (Sheik) | FLYN | Giga Bowser Destroyed Cutscene | vl_figure2 | 5a,,,,,85,0x55 // Smoke (Sheik),,,,FLYN,Giga Bowser Destroyed Cutscene,vl_figure2,5a,
94,BONUS STAGE | 86 | 0x56 // Yoshi's egg(thrown) | GBA | F-Zero Adventure Cutscene | vl_fzero | 5b,,,BONUS STAGE,,86,0x56 // Yoshi's egg(thrown),,,,GBA,F-Zero Adventure Cutscene,vl_fzero,5b,
95,082 [052]   // Takisusume (Race to the Finish Classic) | 87 | 0x57 //         Yoshi's Tongue?? | GCN | Giga Bowser Cutscene | vl_last_v2 | 5c,,,082 [052]   // Takisusume (Race to the Finish Classic),,87,0x57 //         Yoshi's Tongue??,,,,GCN,Giga Bowser Cutscene,vl_last_v2,5c,
96,083 [053]   // Grab the Trophies (figureget) | 88 | 0x58 // Yoshi's Star | GLUV | Tournament Mode 1 | vs_hyou1 | 5d,,,083 [053]   // Grab the Trophies (figureget),,88,0x58 // Yoshi's Star,,,,GLUV,Tournament Mode 1,vs_hyou1,5d,
97,084 [054]   // Homerun Contest (homerun) | 89 | 0x59 // Pikachu's thunder (B) | GR8 | Tournament Mode 2 | vs_hyou2 | 5e,,,084 [054]   // Homerun Contest (homerun),,89,0x59 // Pikachu's thunder (B),,,,GR8,Tournament Mode 2,vs_hyou2,5e,
98,085 [055]   // Heal (All-Star's Stage Inbetween Matches) | 90 | 0x5A // Pikachu's thunder (B) | GRIT | Yoshi's Island | yorster | 5f,,,085 [055]   // Heal (All-Star's Stage Inbetween Matches),,90,0x5A // Pikachu's thunder (B),,,,GRIT,Yoshi's Island,yorster,5f,
99,91 | 0x5B // Pichu's thunder (B) | GRRL | Yoshi's Story | ystory | 60,,,,,91,0x5B // Pichu's thunder (B),,,,GRRL,Yoshi's Story,ystory,60,
100,CLASSIC (VS SINGLE CHARACTER) | 92 | 0x5C // Pichu's thunder (B) | GUST | Brinstar | zebes | 61,,,CLASSIC (VS SINGLE CHARACTER),,92,0x5C // Pichu's thunder (B),,,,GUST,Brinstar,zebes,61,
101,086 [056]   // Princess Peach's Castle (vs Mario) | 93 | 0x5D // Samus's bomb | GUT,,,086 [056]   // Princess Peach's Castle (vs Mario),,93,0x5D // Samus's bomb,,,,GUT,,,,
102,087 [057]   // Rainbow Cruise (vs Mario) | 94 | 0x5E // Samus's chargeshot | HAMB,,,087 [057]   // Rainbow Cruise (vs Mario),,94,0x5E // Samus's chargeshot,,,,HAMB,,,,
103,088 [058]   // Kongo Jungle (vs Donkey Kong) | 95 | 0x5F // Missile | HAND,,,088 [058]   // Kongo Jungle (vs Donkey Kong),,95,0x5F // Missile,,,,HAND,,,,
104,089 [059]   // Jungle Japes  (vs Donkey Kong) | 96 | 0x60 // Grapple beam | HELA,,,089 [059]   // Jungle Japes  (vs Donkey Kong),,96,0x60 // Grapple beam,,,,HELA,,,,
105,090 [05A]   // Great Bay (vs Link) | 97 | 0x61 // Sheik's chain | HEYU,,,090 [05A]   // Great Bay (vs Link),,97,0x61 // Sheik's chain,,,,HEYU,,,,
106,091 [05B]   // Temple (vs Link) | 98 | 0x62 // | HI5,,,091 [05B]   // Temple (vs Link),,98,0x62 //,,,,HI5,,,,
107,092 [05C]   // Brinstar (vs Samus) | 0x63 // Turnip | HIKU,,,092 [05C]   // Brinstar (vs Samus),,,0x63 // Turnip,,,,HIKU,,,,
108,093 [05D]   // Brinstar Depths (vs Samus) | 0x64 // Bowser's flame | HOOD,,,093 [05D]   // Brinstar Depths (vs Samus),,,0x64 // Bowser's flame,,,,HOOD,,,,
109,094 [05E]   // Yoshi's Story (vs Yoshi) | 0x65 // Ness's bat | HYDE,,,094 [05E]   // Yoshi's Story (vs Yoshi),,,0x65 // Ness's bat,,,,HYDE,,,,
110,095 [05F]   // Yoshi's Island (vs Yoshi) | 0x66 // Yoyo | IGGY,,,095 [05F]   // Yoshi's Island (vs Yoshi),,,0x66 // Yoyo,,,,IGGY,,,,
111,096 [060]   // Fountain of Dreams (vs Kirby) | 0x67 // Peach's parasol | IKE,,,096 [060]   // Fountain of Dreams (vs Kirby),,,0x67 // Peach's parasol,,,,IKE,,,,
112,097 [061]   // Green Greens (vs Kirby) | 0x68 // Toad | IMPA,,,097 [061]   // Green Greens (vs Kirby),,,0x68 // Toad,,,,IMPA,,,,
113,098 [062]   // Corneria (vs Fox) | 0x69 // Luigi's fire | JAZZ,,,098 [062]   // Corneria (vs Fox),,,0x69 // Luigi's fire,,,,JAZZ,,,,
114,099 [063]   // Venom (vs Fox) | 0x6A // Ice(Iceclimbers) | JEKL,,,099 [063]   // Venom (vs Fox),,,0x6A // Ice(Iceclimbers),,,,JEKL,,,,
115,100 [064]   // Pokémon Stadium (Only Pokeballs)(vs Pikachu) | 0x6B // Blizzard | JOJO,,,100 [064]   // Pokémon Stadium (Only Pokeballs)(vs Pikachu),,,0x6B // Blizzard,,,,JOJO,,,,
116,101 [065]   // Mushroom Kingdom I (vs Luigi) | 0x6C // Zelda's fire | JUNK,,,101 [065]   // Mushroom Kingdom I (vs Luigi),,,0x6C // Zelda's fire,,,,JUNK,,,,
117,102 [066]   // Mushroom Kingdom II (vs Luigi) | 0x6D // Zelda's fire (explosion) | KEY,,,102 [066]   // Mushroom Kingdom II (vs Luigi),,,0x6D // Zelda's fire (explosion),,,,KEY,,,,
118,103 [067]   // Mute City (vs Captain Falcon) | 0x6E // | KILA,,,103 [067]   // Mute City (vs Captain Falcon),,,0x6E //,,,,KILA,,,,
119,104 [068]   // Big Blue (vs Captain Falcon) | 0x6F // Toad's spore | KITY,,,104 [068]   // Big Blue (vs Captain Falcon),,,0x6F // Toad's spore,,,,KITY,,,,
120,105 [069]   // Onett (vs Ness) | 0x70 // Mewtwo's Shadowball | KLOB,,,105 [069]   // Onett (vs Ness),,,0x70 // Mewtwo's Shadowball,,,,KLOB,,,,
121,106 [06A]   // Fourside (vs Ness) | 0x71 // Iceclimbers' Up  //B | KNEE,,,106 [06A]   // Fourside (vs Ness),,,0x71 // Iceclimbers' Up  //B,,,,KNEE,,,,
122,107 [06B]   // Pokémon Stadium (vs Jigglypuff) | 0x72 // Pesticide | L33T,,,107 [06B]   // Pokémon Stadium (vs Jigglypuff),,,0x72 // Pesticide,,,,L33T,,,,
123,108 [06C]   // Princess Peach's Castle (vs Bowser) | 0x73 // Manhole | L8ER,,,108 [06C]   // Princess Peach's Castle (vs Bowser),,,0x73 // Manhole,,,,L8ER,,,,
124,109 [06D]   // Battlefield (vs Bowser) | 0x74 // Fire(G&W) | LCD,,,109 [06D]   // Battlefield (vs Bowser),,,0x74 // Fire(G&W),,,,LCD,,,,
125,110 [06E]   // Princess Peach's Castle (vs Peach) | 0x75 // Parashute | LOKI,,,110 [06E]   // Princess Peach's Castle (vs Peach),,,0x75 // Parashute,,,,LOKI,,,,
126,111 [06F]   // Mushroom Kingdom II (vs Peach) | 0x76 // Turtle | LULU,,,111 [06F]   // Mushroom Kingdom II (vs Peach),,,0x76 // Turtle,,,,LULU,,,,
127,112 [070]   // Temple (vs Zelda) | 0x77 // Sperky | MAC,,,112 [070]   // Temple (vs Zelda),,,0x77 // Sperky,,,,MAC,,,,
128,113 [071]   // Great Bay (vs Marth) | 0x78 // Judge | MAMA,,,113 [071]   // Great Bay (vs Marth),,,0x78 // Judge,,,,MAMA,,,,
129,114 [072]   // Final Destination (vs Mewtwo) | 0x79 // | ME,,,114 [072]   // Final Destination (vs Mewtwo),,,0x79 //,,,,ME,,,,
130,115 [073]   // Pokémon Stadium (vs Mewtwo) | 0x7A // Sausage | MILO,,,115 [073]   // Pokémon Stadium (vs Mewtwo),,,0x7A // Sausage,,,,MILO,,,,
131,116 [074]   // Icicle Mountain (vs Ice Climbers) | 0x7B // Milk (Young Link) | MIST,,,116 [074]   // Icicle Mountain (vs Ice Climbers),,,0x7B // Milk (Young Link),,,,MIST,,,,
132,117 [075]   // Icicle Mountain (vs Ice Climbers) | 0x7C // Firefighter(G&W) | MOJO,,,117 [075]   // Icicle Mountain (vs Ice Climbers),,,0x7C // Firefighter(G&W),,,,MOJO,,,,
133,118 [076]   // Mushroom Kingdom I (Dr. Mario Music) (vs Dr. Mario) | 0x7D // Masterhand's Laser | MOSH,,,118 [076]   // Mushroom Kingdom I (Dr. Mario Music) (vs Dr. Mario),,,0x7D // Masterhand's Laser,,,,MOSH,,,,
134,119 [077]   // Great Bay (vs Young Link) | 0x7E // Masterhand's Bullet | NADA,,,119 [077]   // Great Bay (vs Young Link),,,0x7E // Masterhand's Bullet,,,,NADA,,,,
135,120 [078]   // Temple (vs Young Link) | 0x7F // Crazyhand's Laser | ZZZZ,,,120 [078]   // Temple (vs Young Link),,,0x7F // Crazyhand's Laser,,,,ZZZZ,,,,
136,121 [079]   // Corneria (vs Falco) | 0x80 // Crazyhand's Bullet | NAVI,,,121 [079]   // Corneria (vs Falco),,,0x80 // Crazyhand's Bullet,,,,NAVI,,,,
137,122 [07A]   // Venom (vs Falco) | 0x81 // Crazyhand's Bomb | NELL,,,122 [07A]   // Venom (vs Falco),,,0x81 // Crazyhand's Bomb,,,,NELL,,,,
138,123 [07B]   // Great Bay (Unused) | 0x82 // Kirby copy Mario's Fire (B) | NEWT,,,123 [07B]   // Great Bay (Unused),,,0x82 // Kirby copy Mario's Fire (B),,,,NEWT,,,,
139,124 [07C]   // Pokémon Stadium (Pichu) | 0x83 // Kirby copy Dr. Mario's Capsule (B) | NOOK,,,124 [07C]   // Pokémon Stadium (Pichu),,,0x83 // Kirby copy Dr. Mario's Capsule (B),,,,NOOK,,,,
140,0x84 // Kirby copy Luigi's Fire (B) | NEWB,,,,,,0x84 // Kirby copy Luigi's Fire (B),,,,NEWB,,,,
141,CLASSIC (VS TWO CHARACTERS) | 0x85 // Kirby copy IceClimber's IceCube (B) | ODIN,,,CLASSIC (VS TWO CHARACTERS),,,0x85 // Kirby copy IceClimber's IceCube (B),,,,ODIN,,,,
142,125 [07D]   // Battlefield (Plays Mario Theme) (vs Team Mario & Bowser) | 0x86 // Kirby copy Peach's Toad (B) | OLAF,,,125 [07D]   // Battlefield (Plays Mario Theme) (vs Team Mario & Bowser),,,0x86 // Kirby copy Peach's Toad (B),,,,OLAF,,,,
143,126 [07E]   // Mushroom Kingdom II (vs Team Mario & Peach) | 0x87 // Kirby copy Toad's Spore (B) | OOPS,,,126 [07E]   // Mushroom Kingdom II (vs Team Mario & Peach),,,0x87 // Kirby copy Toad's Spore (B),,,,OOPS,,,,
144,127 [07F]   // Kongo Jungle (vs Team DK & Fox) | 0x88 // Kirby copy Fox's Laser (B) | OPUS,,,127 [07F]   // Kongo Jungle (vs Team DK & Fox),,,0x88 // Kirby copy Fox's Laser (B),,,,OPUS,,,,
145,128 [080]   // Temple (vs Team Link & Zelda) | 0x89 // Kirby copy Falco's Laser (B) | PAPA,,,128 [080]   // Temple (vs Team Link & Zelda),,,0x89 // Kirby copy Falco's Laser (B),,,,PAPA,,,,
146,129 [081]   // Great Bay (vs Team Link & Young Link) | 0x8A // Kirby copy Fox's Blaster (B) | PIT,,,129 [081]   // Great Bay (vs Team Link & Young Link),,,0x8A // Kirby copy Fox's Blaster (B),,,,PIT,,,,
147,130 [082]   // Mushroom Kingdom I (vs Team Link & Luigi) | 0x8B // Kirby copy Falco's Blaster (B) | POP,,,130 [082]   // Mushroom Kingdom I (vs Team Link & Luigi),,,0x8B // Kirby copy Falco's Blaster (B),,,,POP,,,,
148,131 [083]   // Great Bay (Saria's Song) (vs Team Marth & Link) | 0x8C // Kirby copy Link's Arrow (B) | PKMN,,,131 [083]   // Great Bay (Saria's Song) (vs Team Marth & Link),,,0x8C // Kirby copy Link's Arrow (B),,,,PKMN,,,,
149,132 [084]   // Big Blue (vs Team Samus & Captain Falcon) | 0x8D // Kirby copy Young Link's Arrow (B) | QTPI,,,132 [084]   // Big Blue (vs Team Samus & Captain Falcon),,,0x8D // Kirby copy Young Link's Arrow (B),,,,QTPI,,,,
150,133 [085]   // Brinstar (vs Team Samus & Fox) | 0x8E // Kirby copy Link's Arrow (B) | RAM,,,133 [085]   // Brinstar (vs Team Samus & Fox),,,0x8E // Kirby copy Link's Arrow (B),,,,RAM,,,,
151,134 [086]   // Yoshi's Story (vs Team Yoshi & Luigi) | 0x8F // Kirby copy Young Link's Arrow (B) | RNDM,,,134 [086]   // Yoshi's Story (vs Team Yoshi & Luigi),,,0x8F // Kirby copy Young Link's Arrow (B),,,,RNDM,,,,
152,135 [087]   // Yoshi's Island (vs Team Yoshi & Ness) | 0x90 // Kirby copy Mewtwo's Shadowball (B) | ROBN,,,135 [087]   // Yoshi's Island (vs Team Yoshi & Ness),,,0x90 // Kirby copy Mewtwo's Shadowball (B),,,,ROBN,,,,
153,136 [088]   // Green Greens (vs Team Kirby & Pikachu) | 0x91 // Kirby copy PK Flash (B) | ROT8,,,136 [088]   // Green Greens (vs Team Kirby & Pikachu),,,0x91 // Kirby copy PK Flash (B),,,,ROT8,,,,
154,137 [089]   // Fountain of Dreams (vs Team Kirby & Pichu) | 0x92 // Kirby copy PK Flash Explosion (B) | RUTO,,,137 [089]   // Fountain of Dreams (vs Team Kirby & Pichu),,,0x92 // Kirby copy PK Flash Explosion (B),,,,RUTO,,,,
155,138 [08A]   // Green Greens (vs Team Kirby & Jigglypuff) | 0x93 // Kirby copy Pikachu's Thunder (B) | SAMI,,,138 [08A]   // Green Greens (vs Team Kirby & Jigglypuff),,,0x93 // Kirby copy Pikachu's Thunder (B),,,,SAMI,,,,
156,139 [08B]   // Icicle Mountain (vs Team Kirby & Ice Climbers) | 0x94 // Kirby copy Pikachu's Thunder (B) | SET,,,139 [08B]   // Icicle Mountain (vs Team Kirby & Ice Climbers),,,0x94 // Kirby copy Pikachu's Thunder (B),,,,SET,,,,
157,140 [08C]   // Corneria (vs Team Fox & Falco) | 0x95 // Kirby copy Pichu's Thunder (B) | SETI,,,140 [08C]   // Corneria (vs Team Fox & Falco),,,0x95 // Kirby copy Pichu's Thunder (B),,,,SETI,,,,
158,141 [08D]   // Mute City (vs Team Fox & Captain Falcon) | 0x96 // Kirby copy Pichu's Thunder (B) | SHIG,,,141 [08D]   // Mute City (vs Team Fox & Captain Falcon),,,0x96 // Kirby copy Pichu's Thunder (B),,,,SHIG,,,,
159,142 [08E]   // Pokémon Stadium (vs Team Pikachu & Pichu) | 0x97 // Kirby copy Samus' Chargeshot (B) | SK8R,,,142 [08E]   // Pokémon Stadium (vs Team Pikachu & Pichu),,,0x97 // Kirby copy Samus' Chargeshot (B),,,,SK8R,,,,
160,143 [08F]   // Pokémon Stadium (vs Team Pikachu & Jigglypuff) | 0x98 // Kirby copy Sheik's Needle (thrown) (B) | SLIM,,,143 [08F]   // Pokémon Stadium (vs Team Pikachu & Jigglypuff),,,0x98 // Kirby copy Sheik's Needle (thrown) (B),,,,SLIM,,,,
161,144 [090]   // Mushroom Kingdom I (vs Team Luigi & Dr. Mario) | 0x99 // Kirby copy Sheik's Needle (ground) (B) | SMOK,,,144 [090]   // Mushroom Kingdom I (vs Team Luigi & Dr. Mario),,,0x99 // Kirby copy Sheik's Needle (ground) (B),,,,SMOK,,,,
162,145 [091]   // Onett (alt music) (vs Team Ness & Peach) | 0x9A // Kirby copy Bowser's Flame (B) | SNES,,,145 [091]   // Onett (alt music) (vs Team Ness & Peach),,,0x9A // Kirby copy Bowser's Flame (B),,,,SNES,,,,
163,146 [092]   // Fourside (vs Team Ness & Mewtwo) | 0x9B // Kirby copy Mr. Game & Watch's Sausage (B) | SNTA,,,146 [092]   // Fourside (vs Team Ness & Mewtwo),,,0x9B // Kirby copy Mr. Game & Watch's Sausage (B),,,,SNTA,,,,
164,147 [093]   // Big Blue (mRider song) (vs Team Captain Falcon & Falco) | 0x9C // (unique) | SPUD,,,147 [093]   // Big Blue (mRider song) (vs Team Captain Falcon & Falco),,,0x9C // (unique),,,,SPUD,,,,
165,148 [094]   // Battlefield (vs Team Bowser & Mewtwo) | 0x9D // Yoshi's Tongue?? (B) | STAR,,,148 [094]   // Battlefield (vs Team Bowser & Mewtwo),,,0x9D // Yoshi's Tongue?? (B),,,,STAR,,,,
166,149 [095]   // Battlefield (vs Team Bowser & Peach) | 0x9E // (unique) | THOR,,,149 [095]   // Battlefield (vs Team Bowser & Peach),,,0x9E // (unique),,,,THOR,,,,
167,150 [096]   // Battlefield (vs Team Bowser & Zelda) | 0x9F // Coin | THUG,,,150 [096]   // Battlefield (vs Team Bowser & Zelda),,,0x9F // Coin,,,,THUG,,,,
168,151 [097]   // Temple (vs Team Peach & Zelda) | 0xA0 // (unique) | TIRE,,,151 [097]   // Temple (vs Team Peach & Zelda),,,0xA0 // (unique),,,,TIRE,,,,
169,152 [098]   // Great Bay (Saria's Song) (vs Team Zelda & Young Link) | TLOZ,,,152 [098]   // Great Bay (Saria's Song) (vs Team Zelda & Young Link),,,,,,,TLOZ,,,,
170,153 [099]   // Temple (Emblem) (vs Team Zelda & Marth) | POKEMON | TNDO,,,153 [099]   // Temple (Emblem) (vs Team Zelda & Marth),,,POKEMON,,,,TNDO,,,,
171,154 [09A]   // Great Bay (Unused) | 0xA0      //  Used for Random Pokemon value | TOAD,,,154 [09A]   // Great Bay (Unused),,,0xA0      //  Used for Random Pokemon value,,,,TOAD,,,,
172,0xA1 // Goldeen (Tosakinto) | TOMM,,,,,,0xA1 // Goldeen (Tosakinto),,,,TOMM,,,,
173,CLASSIC (VS GIANT CHARACTER) | 0xA2 // Chicorita | UNO,,,CLASSIC (VS GIANT CHARACTER),,,0xA2 // Chicorita,,,,UNO,,,,
174,155 [09B]   // Princess Peach's Castle (vs Giant Mario) | 0xA3 // Snorlax | WALK,,,155 [09B]   // Princess Peach's Castle (vs Giant Mario),,,0xA3 // Snorlax,,,,WALK,,,,
175,156 [09C]   // Kongo Jungle (vs Giant DK) | 0xA4 // Blastoise | WART,,,156 [09C]   // Kongo Jungle (vs Giant DK),,,0xA4 // Blastoise,,,,WART,,,,
176,157 [09D]   // Great Bay (vs vs Giant Link) | 0xA5 // Weezing (Matadogas) | WARZ,,,157 [09D]   // Great Bay (vs vs Giant Link),,,0xA5 // Weezing (Matadogas),,,,WARZ,,,,
177,158 [09E]   // Yoshi's Story (vs Giant Yoshi) | 0xA6 // Charizard (Lizardon) | WITH,,,158 [09E]   // Yoshi's Story (vs Giant Yoshi),,,0xA6 // Charizard (Lizardon),,,,WITH,,,,
178,159 [09F]   // Mushroom Kingdom II (vs Giant Luigi) | 0xA7 // Moltres | YETI,,,159 [09F]   // Mushroom Kingdom II (vs Giant Luigi),,,0xA7 // Moltres,,,,YETI,,,,
179,160 [0A0]   // Mute City (vs Giant Captain Falcon) | 0xA8 // Zapdos | YNOT,,,160 [0A0]   // Mute City (vs Giant Captain Falcon),,,0xA8 // Zapdos,,,,YNOT,,,,
180,161 [0A1]   // Pokémon Stadium (vs Giant Jigglypuff) | 0xA9 // Articuno | ZAXO,,,161 [0A1]   // Pokémon Stadium (vs Giant Jigglypuff),,,0xA9 // Articuno,,,,ZAXO,,,,
181,162 [0A2]   // Fountain of Dreams (vs Giant Bowser) | 0xAA // Wobbuffet | ZETA,,,162 [0A2]   // Fountain of Dreams (vs Giant Bowser),,,0xAA // Wobbuffet,,,,ZETA,,,,
182,163 [0A3]   // Mushroom Kingdom I (vs Giant Dr. Mario) | 0xAB // Scizor | ZOD,,,163 [0A3]   // Mushroom Kingdom I (vs Giant Dr. Mario),,,0xAB // Scizor,,,,ZOD,,,,
183,164 [0A4]   // Temple (vs Giant Young Link) | 0xAC // Unown | ZOE,,,164 [0A4]   // Temple (vs Giant Young Link),,,0xAC // Unown,,,,ZOE,,,,
184,0xAD // Entei | WORM,,,,,,0xAD // Entei,,,,WORM,,,,
185,CLASSIC (VS TEAM CHARACTER) | 0xAE // Raikou | GEEK,,,CLASSIC (VS TEAM CHARACTER),,,0xAE // Raikou,,,,GEEK,,,,
186,165 [0A5]   // Rainbow Cruise (vs Team Mario) | 0xAF // Suicune | DUDE,,,165 [0A5]   // Rainbow Cruise (vs Team Mario),,,0xAF // Suicune,,,,DUDE,,,,
187,166 [0A6]   // Jungle Japes (vs Team Donkey Kong) | 0xB0 // Bellossom (Kireihana) | WYRN,,,166 [0A6]   // Jungle Japes (vs Team Donkey Kong),,,0xB0 // Bellossom (Kireihana),,,,WYRN,,,,
188,167 [0A7]   // Fountain of Dreams (vs Team Kirby) | 0xB1 // Electrode (Marumine) | BLOB,,,167 [0A7]   // Fountain of Dreams (vs Team Kirby),,,0xB1 // Electrode (Marumine),,,,BLOB,,,,
189,168 [0A8]   // Mushroom Kingdom II (vs Team Luigi) | 0xB2 // Lugia,,,168 [0A8]   // Mushroom Kingdom II (vs Team Luigi),,,0xB2 // Lugia,,,,,,,,
190,169 [0A9]   // Onett (vs Team Ness) | 0xB3 // Ho-oh,,,169 [0A9]   // Onett (vs Team Ness),,,0xB3 // Ho-oh,,,,,,,,
191,170 [0AA]   // Pokémon Stadium (vs Team Jigglypuff) | 0xB4 // Ditto (Metamon),,,170 [0AA]   // Pokémon Stadium (vs Team Jigglypuff),,,0xB4 // Ditto (Metamon),,,,,,,,
192,171 [0AB]   // Icicle Mountain (Unused) | 0xB5 // Clefairy,,,171 [0AB]   // Icicle Mountain (Unused),,,0xB5 // Clefairy,,,,,,,,
193,172 [0AC]   // Pokémon Stadium (vs Team Pichu) | 0xB6 // Togepi,,,172 [0AC]   // Pokémon Stadium (vs Team Pichu),,,0xB6 // Togepi,,,,,,,,
194,173 [0AD]   // Flat Zone (vs Team Game & Watch) | 0xB7 // Mew,,,173 [0AD]   // Flat Zone (vs Team Game & Watch),,,0xB7 // Mew,,,,,,,,
195,174 [0AE]   // Mute City (vs Team Captain Falcon) | 0xB8 // Celebi,,,174 [0AE]   // Mute City (vs Team Captain Falcon),,,0xB8 // Celebi,,,,,,,,
196,0xB9 // Staryu (Hitodeman),,,,,,0xB9 // Staryu (Hitodeman),,,,,,,,
197,CLASSIC FINAL | 0xBA // Chansey,,,CLASSIC FINAL,,,0xBA // Chansey,,,,,,,,
198,175 [0AF]   // Battlefield (No items) (vs Metal Character) | 0xBB // Porygon2,,,175 [0AF]   // Battlefield (No items) (vs Metal Character),,,0xBB // Porygon2,,,,,,,,
199,176 [0B0]   // Final Destination (No items) (vs Master Hand) | 0xBC // Cyndaquil (Hinoarashi),,,176 [0B0]   // Final Destination (No items) (vs Master Hand),,,0xBC // Cyndaquil (Hinoarashi),,,,,,,,
200,0xBD // Marill,,,,,,0xBD // Marill,,,,,,,,
201,ALL-STAR | 0xBE // Venusaur (Fushigibana),,,ALL-STAR,,,0xBE // Venusaur (Fushigibana),,,,,,,,
202,177 [0B1]   // Rainbow Cruise (vs Mario),,,177 [0B1]   // Rainbow Cruise (vs Mario),,,,,,,,,,,
203,178 [0B2]   // Kongo Jungle (vs Donkey Kong) | POKEMON RELATED,,,178 [0B2]   // Kongo Jungle (vs Donkey Kong),,,POKEMON RELATED,,,,,,,,
204,179 [0B3]   // Great Bay (vs Link) | 0xBF // Chicorita's Leaf,,,179 [0B3]   // Great Bay (vs Link),,,0xBF // Chicorita's Leaf,,,,,,,,
205,180 [0B4]   // Brinstar (vs Samus) | 0xC0 // Blastoise's Water,,,180 [0B4]   // Brinstar (vs Samus),,,0xC0 // Blastoise's Water,,,,,,,,
206,181 [0B5]   // Yoshi's Story (vs Yoshi) | 0xC1 // Weezing's Gas,,,181 [0B5]   // Yoshi's Story (vs Yoshi),,,0xC1 // Weezing's Gas,,,,,,,,
207,182 [0B6]   // Green Greens (vs Kirby) | 0xC2 // Weezing's Gas,,,182 [0B6]   // Green Greens (vs Kirby),,,0xC2 // Weezing's Gas,,,,,,,,
208,183 [0B7]   // Corneria (vs Fox) | 0xC3 // Charizard's Breath,,,183 [0B7]   // Corneria (vs Fox),,,0xC3 // Charizard's Breath,,,,,,,,
209,184 [0B8]   // Pokémon Stadium (vs Pikachu) | 0xC4 // Charizard's Breath,,,184 [0B8]   // Pokémon Stadium (vs Pikachu),,,0xC4 // Charizard's Breath,,,,,,,,
210,185 [0B9]   // Mushroom Kingdom I (vs Luigi) | 0xC5 // Charizard's Breath,,,185 [0B9]   // Mushroom Kingdom I (vs Luigi),,,0xC5 // Charizard's Breath,,,,,,,,
211,186 [0BA]   // Mute City (vs Captain Falcon) | 0xC6 // Charizard's Breath,,,186 [0BA]   // Mute City (vs Captain Falcon),,,0xC6 // Charizard's Breath,,,,,,,,
212,187 [0BB]   // Onett (vs Ness) | 0xC7 // Mini-Unowns,,,187 [0BB]   // Onett (vs Ness),,,0xC7 // Mini-Unowns,,,,,,,,
213,188 [0BC]   // Poké Floats (vs Jigglypuff) | 0xC8 // Lugia's Aeroblast,,,188 [0BC]   // Poké Floats (vs Jigglypuff),,,0xC8 // Lugia's Aeroblast,,,,,,,,
214,189 [0BD]   // Icicle Mountain (vs Ice Climbers) | 0xC9 // Lugia's Aeroblast,,,189 [0BD]   // Icicle Mountain (vs Ice Climbers),,,0xC9 // Lugia's Aeroblast,,,,,,,,
215,190 [0BE]   // Princess Peach's Castle (vs Peach) | 0xCA // Lugia's Aeroblast,,,190 [0BE]   // Princess Peach's Castle (vs Peach),,,0xCA // Lugia's Aeroblast,,,,,,,,
216,191 [0BF]   // Temple (vs Zelda) | 0xCB // Ho-Oh's Flame,,,191 [0BF]   // Temple (vs Zelda),,,0xCB // Ho-Oh's Flame,,,,,,,,
217,192 [0C0]   // Fountain of Dreams (Emblem Music) (vs Marth) | 0xCC // Staryu's Star,,,192 [0C0]   // Fountain of Dreams (Emblem Music) (vs Marth),,,0xCC // Staryu's Star,,,,,,,,
218,193 [0C1]   // Battlefield (Poké Floats song) (vs Mewtwo) | 0xCD // Healing Egg,,,193 [0C1]   // Battlefield (Poké Floats song) (vs Mewtwo),,,0xCD // Healing Egg,,,,,,,,
219,194 [0C2]   // Yoshi's Island (vs Bowser) | 0xCE // Cyndaquil's Fire,,,194 [0C2]   // Yoshi's Island (vs Bowser),,,0xCE // Cyndaquil's Fire,,,,,,,,
220,195 [0C3]   // Mushroom Kingdom II (Dr Mario Music) (vs Dr Mario) | 0xCF //,,,195 [0C3]   // Mushroom Kingdom II (Dr Mario Music) (vs Dr Mario),,,0xCF //,,,,,,,,
221,196 [0C4]   // Jungle Japes (vs Young Link),,,196 [0C4]   // Jungle Japes (vs Young Link),,,,,,,,,,,
222,197 [0C5]   // Venom (vs Falco) | MONSTERS 2,,,197 [0C5]   // Venom (vs Falco),,,MONSTERS 2,,,,,,,,
223,198 [0C6]   // Fourside (vs Pichu) | 0xD0 // Old Goomba (Old-Kuri),,,198 [0C6]   // Fourside (vs Pichu),,,0xD0 // Old Goomba (Old-Kuri),,,,,,,,
224,199 [0C7]   // Final Destination (Emblem Music) (vs Roy) | 0xD1 // Target (Mato),,,199 [0C7]   // Final Destination (Emblem Music) (vs Roy),,,0xD1 // Target (Mato),,,,,,,,
225,200 [0C8]   // Flat Zone (vs Team Game & Watch) | 0xD2 // Shyguy (Heiho),,,200 [0C8]   // Flat Zone (vs Team Game & Watch),,,0xD2 // Shyguy (Heiho),,,,,,,,
226,201 [0C9]   // Brinstar Depths (vs Gannondorf) | 0xD3 // Koopa(Green) (Nokonoko),,,201 [0C9]   // Brinstar Depths (vs Gannondorf),,,0xD3 // Koopa(Green) (Nokonoko),,,,,,,,
227,0xD4 // Koopa(Red) (PataPata),,,,,,0xD4 // Koopa(Red) (PataPata),,,,,,,,
228,EVENT MATCH | 0xD5 // Likelile,,,EVENT MATCH,,,0xD5 // Likelile,,,,,,,,
229,202 [0CA]   // Battlefield (Event #01) (Trouble King) | 0xD6 // Old Redead (old-lead) [invalid],,,202 [0CA]   // Battlefield (Event #01) (Trouble King),,,0xD6 // Old Redead (old-lead) [invalid],,,,,,,,
230,203 [0CB]   // Temple (Event #18) (Link's Adventure) | 0xD7 // Old Octorok(old-octa) [invalid],,,203 [0CB]   // Temple (Event #18) (Link's Adventure),,,0xD7 // Old Octorok(old-octa) [invalid],,,,,,,,
231,204 [0CC]   // Princess Peach's Castle (Event #03) (Bomb-fest) | 0xD8 // Old Ottosea (old-otto),,,204 [0CC]   // Princess Peach's Castle (Event #03) (Bomb-fest),,,0xD8 // Old Ottosea (old-otto),,,,,,,,
232,205 [0CD]   // Yoshi's Story (Event #04) (Dino-wrangling) | 0xD9 // White Bear (whitebea),,,205 [0CD]   // Yoshi's Story (Event #04) (Dino-wrangling),,,0xD9 // White Bear (whitebea),,,,,,,,
233,206 [0CE]   // Onett (Event #05) (Spare Change) | 0xDA // Klap,,,206 [0CE]   // Onett (Event #05) (Spare Change),,,0xDA // Klap,,,,,,,,
234,207 [0CF]   // Fountain of Dreams (Event #06) (Kirbys on Parade) | 0xDB // Green Shell (zgshell),,,207 [0CF]   // Fountain of Dreams (Event #06) (Kirbys on Parade),,,0xDB // Green Shell (zgshell),,,,,,,,
235,208 [0D0]   // Pokémon Stadium (Event #07) (Pokémon Battle) | 0xDC // Red Shell (green act) (zrshell),,,208 [0D0]   // Pokémon Stadium (Event #07) (Pokémon Battle),,,0xDC // Red Shell (green act) (zrshell),,,,,,,,
236,209 [0D1]   // Brinstar (Event #08) (Hot Date on Brinstar),,,209 [0D1]   // Brinstar (Event #08) (Hot Date on Brinstar),,,,,,,,,,,
237,210 [0D2]   // Great Bay (Event #09) (Hide 'n' Sheik) | STAGE SPECIFIC,,,210 [0D2]   // Great Bay (Event #09) (Hide 'n' Sheik),,,STAGE SPECIFIC,,,,,,,,
238,211 [0D3]   // Yoshi's Island (Event #10) (All-Star Match 1-1 /vs Mario) | 0xDD // Tingle (on balloon),,,211 [0D3]   // Yoshi's Island (Event #10) (All-Star Match 1-1 /vs Mario),,,0xDD // Tingle (on balloon),,,,,,,,
239,212 [0D4]   // Icicle Mountain (Event #11) (King of the Mountain) | 0xDE // [Invalid],,,212 [0D4]   // Icicle Mountain (Event #11) (King of the Mountain),,,0xDE // [Invalid],,,,,,,,
240,"213 [0D5]   // Mute City (Event #12) (Seconds, Anyone?) | 0xDF // [Invalid]",,,"213 [0D5]   // Mute City (Event #12) (Seconds, Anyone?)",,,0xDF // [Invalid],,,,,,,,
241,214 [0D6]   // Rainbow Cruise  (Event #13) (Yoshi's Egg) | 0xE0 // [Invalid],,,214 [0D6]   // Rainbow Cruise  (Event #13) (Yoshi's Egg),,,0xE0 // [Invalid],,,,,,,,
242,215 [0D7]   // Goomba  (Event #14) (Trophy Tussle 1) | 0xE1 // Apple,,,215 [0D7]   // Goomba  (Event #14) (Trophy Tussle 1),,,0xE1 // Apple,,,,,,,,
243,216 [0D8]   // Battlefield (Event #37) (Legendary Pokemon) | 0xE2 // Healing Apple,,,216 [0D8]   // Battlefield (Event #37) (Legendary Pokemon),,,0xE2 // Healing Apple,,,,,,,,
244,217 [0D9]   // Corneria (Event #16) (Kirby's Air-raid) | 0xE3 // [Invalid],,,217 [0D9]   // Corneria (Event #16) (Kirby's Air-raid),,,0xE3 // [Invalid],,,,,,,,
245,218 [0DA]   // Jungle Japes (F-Zero Music) (Event #17) (Bounty Hunters) | 0xE4 // [Invalid],,,218 [0DA]   // Jungle Japes (F-Zero Music) (Event #17) (Bounty Hunters),,,0xE4 // [Invalid],,,,,,,,
246,219 [0DB]   // Kongo Jungle (Event #2) (Lord of the Jungle) | 0xE5 // [Invalid],,,219 [0DB]   // Kongo Jungle (Event #2) (Lord of the Jungle),,,0xE5 // [Invalid],,,,,,,,
247,220 [0DC]   // Final Destination (Event #19) (Peach's Peril) | 0xE6 // Tool (Flatzone),,,220 [0DC]   // Final Destination (Event #19) (Peach's Peril),,,0xE6 // Tool (Flatzone),,,,,,,,
248,221 [0DD]   // Brinstar (Event #20) (All-Star Match 2-1 /vs Samus) | 0xE7 // [Invalid],,,221 [0DD]   // Brinstar (Event #20) (All-Star Match 2-1 /vs Samus),,,0xE7 // [Invalid],,,,,,,,
249,222 [0DE]   // Princess Peach's Castle (Event #21) (Ice Breaker) | 0xE8 // [Invalid],,,222 [0DE]   // Princess Peach's Castle (Event #21) (Ice Breaker),,,0xE8 // [Invalid],,,,,,,,
250,223 [0DF]   // Mushroom Kingdom II (Event #22) (Super Mario 128) | 0xE9 // Birdo,,,223 [0DF]   // Mushroom Kingdom II (Event #22) (Super Mario 128),,,0xE9 // Birdo,,,,,,,,
251,224 [0E0]   // Brinstar Depths (Event #27) (Cold Armor) | 0xEA // Arwing Laser,,,224 [0E0]   // Brinstar Depths (Event #27) (Cold Armor),,,0xEA // Arwing Laser,,,,,,,,
252,225 [0E1]   // Yoshi's Island (Event #24) (The Yoshi Herd) | 0xEB // Great Fox's Laser,,,225 [0E1]   // Yoshi's Island (Event #24) (The Yoshi Herd),,,0xEB // Great Fox's Laser,,,,,,,,
253,226 [0E2]   // Fourside (DK Rap) (Event #25) (Gargantuans) | 0xEC // Birdo's Egg,,,226 [0E2]   // Fourside (DK Rap) (Event #25) (Gargantuans),,,0xEC // Birdo's Egg,,,,,,,,
254,227 [0E3]   // Entei (Event #26) (Trophy Tussle 2),,,227 [0E3]   // Entei (Event #26) (Trophy Tussle 2),,,,,,,,,,,
255,228 [0E4]   // Venom (Event #23) (Slippy's Invention),,,228 [0E4]   // Venom (Event #23) (Slippy's Invention),,,,,,,,,,,
256,229 [0E5]   // Green Greens (Event #28) (Puffballs Unite),,,229 [0E5]   // Green Greens (Event #28) (Puffballs Unite),,,,,,,,,,,
257,230 [0E6]   // Temple (Great Bay music) (Event #29) (Triforce Gathering),,,230 [0E6]   // Temple (Great Bay music) (Event #29) (Triforce Gathering),,,,,,,,,,,
258,231 [0E7]   // Fountain of Dreams (Event #15) (Girl Power),,,231 [0E7]   // Fountain of Dreams (Event #15) (Girl Power),,,,,,,,,,,
259,232 [0E8]   // Mushroom Kingdom I (Event #31) (Mario Bros. Madness),,,232 [0E8]   // Mushroom Kingdom I (Event #31) (Mario Bros. Madness),,,,,,,,,,,
260,233 [0E9]   // Corneria (Many Arwings) (Event #32) (Target Acquired),,,233 [0E9]   // Corneria (Many Arwings) (Event #32) (Target Acquired),,,,,,,,,,,
261,234 [0EA]   // F  //Zero Adventure Stage (Event #33) (Lethal Marathon),,,234 [0EA]   // F  //Zero Adventure Stage (Event #33) (Lethal Marathon),,,,,,,,,,,
262,235 [0EB]   // Great Bay (Event #34) (Seven Years),,,235 [0EB]   // Great Bay (Event #34) (Seven Years),,,,,,,,,,,
263,236 [0EC]   // Dream Land (Event #35) (Time for a Checkup),,,236 [0EC]   // Dream Land (Event #35) (Time for a Checkup),,,,,,,,,,,
264,237 [0ED]   // Fourside (Event #36) (Space Travelers 1-1),,,237 [0ED]   // Fourside (Event #36) (Space Travelers 1-1),,,,,,,,,,,
265,238 [0EE]   // Fountain of Dreams (Event #30) (All-Star Match 3-1 /vs Kirby),,,238 [0EE]   // Fountain of Dreams (Event #30) (All-Star Match 3-1 /vs Kirby),,,,,,,,,,,
266,239 [0EF]   // Mushroom Kingdom II (Event #38) (Super Mario Bros. 2),,,239 [0EF]   // Mushroom Kingdom II (Event #38) (Super Mario Bros. 2),,,,,,,,,,,
267,240 [0F0]   // Pokémon Stadium (Event #39) (Jigglypuff Live!),,,240 [0F0]   // Pokémon Stadium (Event #39) (Jigglypuff Live!),,,,,,,,,,,
268,241 [0F1]   // Temple (Emblem Music) (Event #40) (All-Star Match 4-1 /vs Marth),,,241 [0F1]   // Temple (Emblem Music) (Event #40) (All-Star Match 4-1 /vs Marth),,,,,,,,,,,
269,242 [0F2]   // Temple (Emblem Music) (Event #41) (En Garde!),,,242 [0F2]   // Temple (Emblem Music) (Event #41) (En Garde!),,,,,,,,,,,
270,243 [0F3]   // Poké Floats (Event #42) (Trouble King 2),,,243 [0F3]   // Poké Floats (Event #42) (Trouble King 2),,,,,,,,,,,
271,244 [0F4]   // Big Blue (Event #43) (Birds of Prey),,,244 [0F4]   // Big Blue (Event #43) (Birds of Prey),,,,,,,,,,,
272,245 [0F5]   // Battlefield (Event #44) (Mewtwo Strikes!),,,245 [0F5]   // Battlefield (Event #44) (Mewtwo Strikes!),,,,,,,,,,,
273,246 [0F6]   // Flat Zone (Event #45) (Game and Watch Forever!),,,246 [0F6]   // Flat Zone (Event #45) (Game and Watch Forever!),,,,,,,,,,,
274,247 [0F7]   // Temple (Emblem Music) (Event #46) (Fire Emblem Pride),,,247 [0F7]   // Temple (Emblem Music) (Event #46) (Fire Emblem Pride),,,,,,,,,,,
275,248 [0F8]   // Majora's Mask (Event #47) (Trophy Tussle 3),,,248 [0F8]   // Majora's Mask (Event #47) (Trophy Tussle 3),,,,,,,,,,,
276,249 [0F9]   // Yoshi's Story (Event #48) (Pikachu and Pichu),,,249 [0F9]   // Yoshi's Story (Event #48) (Pikachu and Pichu),,,,,,,,,,,
277,250 [0FA]   // Mushroom Kingdom I  (Event #49) (All-Star Match Deluxe 5-1 /vs Dr Mario),,,250 [0FA]   // Mushroom Kingdom I  (Event #49) (All-Star Match Deluxe 5-1 /vs Dr Mario),,,,,,,,,,,
278,251 [0FB]   // Final Destination (Final Destination Match) (Event #50),,,251 [0FB]   // Final Destination (Final Destination Match) (Event #50),,,,,,,,,,,
279,252 [0FC]   // Final Destination (The Showdown) (Event #51),,,252 [0FC]   // Final Destination (The Showdown) (Event #51),,,,,,,,,,,
280,253 [0FD]   // Jungle Japes (DK Rap) (Event #10) (All-Star Match 1-2 /vs DK),,,253 [0FD]   // Jungle Japes (DK Rap) (Event #10) (All-Star Match 1-2 /vs DK),,,,,,,,,,,
281,254 [0FE]   // Yoshi's Story (Event #10) (All-Star Match 1-3 /vs Yoshi),,,254 [0FE]   // Yoshi's Story (Event #10) (All-Star Match 1-3 /vs Yoshi),,,,,,,,,,,
282,255 [0FF]   // Princess Peach's Castle (Event #10) (All-Star Match 1-4 /vs Peach),,,255 [0FF]   // Princess Peach's Castle (Event #10) (All-Star Match 1-4 /vs Peach),,,,,,,,,,,
283,256 [100]   // Rainbow Cruise (Event #10) (All-Star Match 1-5 /vs Bowser),,,256 [100]   // Rainbow Cruise (Event #10) (All-Star Match 1-5 /vs Bowser),,,,,,,,,,,
284,257 [101]   // Great Bay  (All-Star Match 2-2 /vs Link),,,257 [101]   // Great Bay  (All-Star Match 2-2 /vs Link),,,,,,,,,,,
285,258 [102]   // Temple  (All-Star Match 2-3 /vs Zelda),,,258 [102]   // Temple  (All-Star Match 2-3 /vs Zelda),,,,,,,,,,,
286,259 [103]   // Mute City (All-Star Match 2-4 /vs Captain Falcon),,,259 [103]   // Mute City (All-Star Match 2-4 /vs Captain Falcon),,,,,,,,,,,
287,260 [104]   // Corneria (All-Star Match 2-5 /vs Fox),,,260 [104]   // Corneria (All-Star Match 2-5 /vs Fox),,,,,,,,,,,
288,261 [105]   // Pokémon Stadium (All-Star Match 3-2 /vs Pikachu),,,261 [105]   // Pokémon Stadium (All-Star Match 3-2 /vs Pikachu),,,,,,,,,,,
289,262 [106]   // Onett (All-Star Match 3-3 /vs Ness),,,262 [106]   // Onett (All-Star Match 3-3 /vs Ness),,,,,,,,,,,
290,263 [107]   // Icicle Mountain (All-Star Match 3-4 /vs Ice Climbers),,,263 [107]   // Icicle Mountain (All-Star Match 3-4 /vs Ice Climbers),,,,,,,,,,,
291,264 [108]   // Mushroom Kingdom II (All-Star Match 4-2 /vs Luigi),,,264 [108]   // Mushroom Kingdom II (All-Star Match 4-2 /vs Luigi),,,,,,,,,,,
292,265 [109]   // Poké Floats (All-Star Match 4-3 /vs Jigglypuff),,,265 [109]   // Poké Floats (All-Star Match 4-3 /vs Jigglypuff),,,,,,,,,,,
293,266 [10A]   // Final Destination (All-Star Match 4-4 /vs Mewtwo),,,266 [10A]   // Final Destination (All-Star Match 4-4 /vs Mewtwo),,,,,,,,,,,
294,267 [10B]   // Flat Zone (All-Star Match 4-5 /vs Mr Game & Watch),,,267 [10B]   // Flat Zone (All-Star Match 4-5 /vs Mr Game & Watch),,,,,,,,,,,
295,268 [10C]   // Venom (All-Star Match Deluxe 5-2 /vs Falco),,,268 [10C]   // Venom (All-Star Match Deluxe 5-2 /vs Falco),,,,,,,,,,,
296,269 [10D]   // Pokémon Stadium (All-Star Match Deluxe 5-3 /vs Pichu),,,269 [10D]   // Pokémon Stadium (All-Star Match Deluxe 5-3 /vs Pichu),,,,,,,,,,,
297,270 [10E]   // Great Bay (Saria's Song) (All-Star Match Deluxe 5-4 /vs Young Link),,,270 [10E]   // Great Bay (Saria's Song) (All-Star Match Deluxe 5-4 /vs Young Link),,,,,,,,,,,
298,271 [10F]   // Temple (Emblem Music) (All-Star Match Deluxe 5-5 /vs Roy),,,271 [10F]   // Temple (Emblem Music) (All-Star Match Deluxe 5-5 /vs Roy),,,,,,,,,,,
299,272 [110]   // Final Destination (All-Star Match Deluxe 5-6 /vs Gannondorf),,,272 [110]   // Final Destination (All-Star Match Deluxe 5-6 /vs Gannondorf),,,,,,,,,,,
300,273 [111]   // Battlefield (Event #36) (Space Travelers 1-2),,,273 [111]   // Battlefield (Event #36) (Space Travelers 1-2),,,,,,,,,,,
302,UNLOCKABLES,,,UNLOCKABLES,,,,,,,,,,,
303,274 [112]   // Pokémon Stadium //Unlocking Jigglypuff,,,274 [112]   // Pokémon Stadium //Unlocking Jigglypuff,,,,,,,,,,,
304,275 [113] // Final Destination //Unlocking Mewtwo,,,275 [113] // Final Destination //Unlocking Mewtwo,,,,,,,,,,,
305,276 [114]   // Mushroom Kingdom II //Unlocking Luigi,,,276 [114]   // Mushroom Kingdom II //Unlocking Luigi,,,,,,,,,,,
306,277 [115]   // Fountain of Dreams //Unlocking Marth,,,277 [115]   // Fountain of Dreams //Unlocking Marth,,,,,,,,,,,
307,278 [116]   // Flat Zone //Unlocking Mr Game and Watch,,,278 [116]   // Flat Zone //Unlocking Mr Game and Watch,,,,,,,,,,,
308,279 [117]   // Princess Peach's Castle (DR Mario song) //Unlocking Dr Mario,,,279 [117]   // Princess Peach's Castle (DR Mario song) //Unlocking Dr Mario,,,,,,,,,,,
309,280 [118]   // Final Destination (Great Bay music) //Unlocking Gannondorf,,,280 [118]   // Final Destination (Great Bay music) //Unlocking Gannondorf,,,,,,,,,,,
310,281 [119]   // Great Bay (Saria's Song) //Unlocking Young Link,,,281 [119]   // Great Bay (Saria's Song) //Unlocking Young Link,,,,,,,,,,,
311,282 [11A]   // Battlefield (Corneria Music) //Unlocking Falco,,,282 [11A]   // Battlefield (Corneria Music) //Unlocking Falco,,,,,,,,,,,
312,283 [11B]   // Pokémon Stadium //Unlocking Pichu?,,,283 [11B]   // Pokémon Stadium //Unlocking Pichu?,,,,,,,,,,,
313,284 [11C]   // Temple (Emblem Music) //Unlocking Roy?,,,284 [11C]   // Temple (Emblem Music) //Unlocking Roy?,,,,,,,,,,,
315,MULTI-MAN MELEE,,,MULTI-MAN MELEE,,,,,,,,,,,
316,285 [11D]   // Battlefield (Multi-Man Melee),,,285 [11D]   // Battlefield (Multi-Man Melee),,,,,,,,,,,
